,5.5 MAPE,5.5 index,6.0 MAPE,5.5 index,6.5 MAPE,6.0 index,7.5 MAPE,6.5 index,8.0 MAPE,7.5 index,8.5 MAPE,8.0 index
Adagrad,2.3951459329930005,64.0,3.9621598098169377,95.0,4.269306386968932,95.0,3.616840369259336,101.0,1.660265577445216,74.0,2.6600800189996896,47.0
