,5.5 MAPE,5.5 index,6.0 MAPE,5.5 index,6.5 MAPE,6.0 index,7.5 MAPE,6.5 index,8.0 MAPE,7.5 index,8.5 MAPE,8.0 index
Nadam,0.3181244817414374,93.0,0.23575704483090681,115.0,0.3018771810154387,152.0,0.2916472567650877,110.0,0.5854250646798299,40.0,0.31674957366835205,43.0
