,5.5 MAPE,5.5 index,5.5 MAPE,5.5 index,5.5 MAPE,5.5 index,6.0 MAPE,6.0 index,6.0 MAPE,6.0 index,6.0 MAPE,6.0 index,6.5 MAPE,6.5 index,6.5 MAPE,6.5 index,6.5 MAPE,6.5 index,7.5 MAPE,7.5 index,7.5 MAPE,7.5 index,7.5 MAPE,7.5 index,8.0 MAPE,8.0 index,8.0 MAPE,8.0 index,8.0 MAPE,8.0 index,8.5 MAPE,8.5 index,8.5 MAPE,8.5 index,8.5 MAPE,8.5 index,Average
Results,3.97817341399072,40,1.71051666486265,159,1.44603824337512,158,2.07079674697345,88,2.97381151580037,43,2.68589095516024,91,2.52578135592669,86,1.78397740766536,50,2.69838063929547,94,1.37518719217649,132,1.35064617137966,101,1.50935738439297,72,2.50173457945522,66,1.95466026467476,52,2.07410210177869,99,4.81577086062425,65,1.52961592567366,143,2.63566859712149,92,2.31222833446262
