,5.5 MAPE,5.5 index,5.5 MAPE,5.5 index,5.5 MAPE,5.5 index,6.0 MAPE,6.0 index,6.0 MAPE,6.0 index,6.0 MAPE,6.0 index,6.5 MAPE,6.5 index,6.5 MAPE,6.5 index,6.5 MAPE,6.5 index,7.5 MAPE,7.5 index,7.5 MAPE,7.5 index,7.5 MAPE,7.5 index,8.0 MAPE,8.0 index,8.0 MAPE,8.0 index,8.0 MAPE,8.0 index,8.5 MAPE,8.5 index,8.5 MAPE,8.5 index,8.5 MAPE,8.5 index
Results,3.978173413990719,40.0,1.710516664862649,159.0,1.4460382433751193,158.0,2.0707967469734454,88.0,2.9738115158003673,43.0,2.6858909551602395,91.0,2.5257813559266866,86.0,1.7839774076653583,50.0,2.69838063929547,94.0,1.3751871921764884,132.0,1.3506461713796563,101.0,1.5093573843929737,72.0,2.501734579455219,66.0,1.9546602646747637,52.0,2.0741021017786863,99.0,4.8157708606242515,65.0,1.5296159256736637,143.0,2.6356685971214935,92.0
