,5.5 MAPE,5.5 index,6.0 MAPE,6.0 index,6.5 MAPE,6.5 index,7.5 MAPE,7.5 index,8.0 MAPE,8.0 index,8.5 MAPE,8.5 index
Depth=0.2D,19.98,40.0,17.22,40.0,11.44,40.0,2.25,40.0,8.77,40.0,5.319999999999999,40.0
Depth=0.5D,6.419999999999999,40.0,6.890000000000001,40.0,5.88,40.0,7.41,40.0,13.0,40.0,5.7,40.0
Depth=0.8D,0.96,40.0,2.78,40.0,0.16999999999999998,40.0,2.6100000000000003,40.0,4.3,40.0,2.98,40.0
