,6.0 MAPE,6.0 index,6.5 MAPE,6.5 index,7.5 MAPE,7.5 index,8.0 MAPE,8.0 index,8.5 MAPE,8.5 index,10.0 MAPE,10.0 index,5.0 MAPE,5.0 index,4.0 MAPE,4.0 index,4.5 MAPE,4.5 index,3.0 MAPE,3.0 index,9.0 MAPE,9.0 Index,Mean
RMSprop,27.4844503704266,95,7.64454164326126,113,7.12463270845976,159,5.31098583162241,159,4.32541206784711,84,15.1651170118023,149,2.5286855015173,134,376.134708958809,40,77.8467484073927,40,3359.79076205176,69,1.59874448694319,47,10.3780045243234
Adadelta,22.3356697116612,159,7.22190302975115,152,4.24791406504692,159,2.73739289147935,42,2.11755869736933,40,20.6921045415215,153,1.40358935245801,41,430.096777074357,40,77.9985805991507,40,3146.25977594892,68,1.6633570710687,82,7.7320876790616
Adagrad,24.649860410452,155,12.8568293829722,143,6.92644144400034,159,5.66860184111406,150,3.21244152111111,157,18.0939113392549,159,1.88816663376208,51,296.928939752418,40,52.3225215323397,55,3347.9392398668,68,1.56543139106864,139,10.6628349199299
SGD_NM,18.7299513569821,44,10.5791924833257,150,8.60302627186961,159,5.82382472686993,159,2.68661060576542,89,15.5225809882669,159,3.72643158225127,135,387.692226007817,40,73.6344330025986,40,3059.55872685105,68,1.56549748927666,112,9.28452108896255
SGD,18.1755812979438,135,10.3801806893206,137,4.0671861704914,146,5.66738510670162,150,4.56225394750229,40,16.916581696155,159,4.16483949484469,40,315.982349312561,40,59.4731528548504,40,2824.75052008114,68,2.35011657145957,106,8.57051744239195
Adam,31.5913298441141,40,12.9713297430758,65,4.85542869939248,130,4.04152910670601,108,3.2038545567582,159,10.3591494936027,43,2.36784784751908,158,330.795229080744,40,63.0037955043093,40,3013.54670987815,68,2.09160682433592,116,11.3326943900093
Nadam,11.4928343452974,130,15.7561452605277,159,4.27372526693194,159,3.44802240586828,42,1.58213911633796,46,13.2849992490282,159,2.98545870806494,154,260.073506870484,40,59.1913367355962,40,2208.82647056351,68,2.19059612271983,43,7.31057327899266
