,6.0 MAPE,6.0 index,6.5 MAPE,6.0 index,7.5 MAPE,6.5 index,8.0 MAPE,7.5 index,8.5 MAPE,8.0 index,10.0 MAPE,8.5 index,5.0 MAPE,10.0 index,4.0 MAPE,5.0 index,4.5 MAPE,4.0 index,3.0 MAPE,4.5 index,9.0 MAPE,3.0 index
RMSprop,27.48445037042659,95.0,7.644541643261259,113.0,7.124632708459757,159.0,5.31098583162241,159.0,4.3254120678471075,84.0,15.165117011802348,149.0,2.5286855015173035,134.0,376.1347089588092,40.0,77.84674840739267,40.0,3359.7907620517567,69.0,1.5987444869431933,47.0
Adadelta,22.335669711661247,159.0,7.221903029751147,152.0,4.247914065046922,159.0,2.737392891479345,42.0,2.117558697369331,40.0,20.692104541521466,153.0,1.4035893524580063,41.0,430.09677707435714,40.0,77.99858059915071,40.0,3146.2597759489176,68.0,1.6633570710686976,82.0
Adagrad,24.649860410452014,155.0,12.856829382972194,143.0,6.926441444000342,159.0,5.668601841114058,150.0,3.2124415211111055,157.0,18.093911339254948,159.0,1.8881666337620835,51.0,296.9289397524179,40.0,52.322521532339714,55.0,3347.9392398667997,68.0,1.5654313910686417,139.0
SGD_NM,18.729951356982124,44.0,10.579192483325675,150.0,8.603026271869611,159.0,5.823824726869931,159.0,2.6866106057654235,89.0,15.522580988266895,159.0,3.7264315822512653,135.0,387.6922260078173,40.0,73.63443300259857,40.0,3059.5587268510526,68.0,1.5654974892766558,112.0
SGD,18.175581297943825,135.0,10.38018068932061,137.0,4.067186170491403,146.0,5.667385106701624,150.0,4.562253947502288,40.0,16.916581696155035,159.0,4.164839494844691,40.0,315.98234931256064,40.0,59.47315285485038,40.0,2824.750520081135,68.0,2.3501165714595653,106.0
Adam,31.591329844114085,40.0,12.971329743075795,65.0,4.85542869939248,130.0,4.041529106706012,108.0,3.2038545567582024,159.0,10.35914949360269,43.0,2.3678478475190796,158.0,330.79522908074415,40.0,63.00379550430926,40.0,3013.5467098781505,68.0,2.0916068243359187,116.0
Nadam,11.49283434529739,130.0,15.756145260527743,159.0,4.273725266931936,159.0,3.448022405868277,42.0,1.58213911633796,46.0,13.284999249028232,159.0,2.9854587080649377,154.0,260.07350687048387,40.0,59.1913367355962,40.0,2208.82647056351,68.0,2.190596122719829,43.0
