,5.5 MAPE,5.5 index,6.0 MAPE,5.5 index,6.5 MAPE,6.0 index,7.5 MAPE,6.5 index,8.0 MAPE,7.5 index,8.5 MAPE,8.0 index,Average
Adam,5.57129992336052,156,6.30898931552614,40,4.39955824829308,40,3.82731769307031,48,2.44247741065519,135,3.02074720104007,40,4.26173163199089
