,5.5 MAPE,5.5 index,6.0 MAPE,5.5 index,6.5 MAPE,6.0 index,7.5 MAPE,6.5 index,8.0 MAPE,7.5 index,8.5 MAPE,8.0 index
Adam,5.571299923360519,156.0,6.3089893155261425,40.0,4.39955824829308,40.0,3.827317693070307,48.0,2.4424774106551936,135.0,3.0207472010400687,40.0
