,5.5 MAPE,5.5 index,6.0 MAPE,6.0 index,6.5 MAPE,6.5 index,7.5 MAPE,7.5 index,8.0 MAPE,8.0 index,8.5 MAPE,8.5 index
Depth=0.2D,34.36,40.0,50.470000000000006,40.0,16.42,40.0,15.18,40.0,17.47,40.0,14.82,40.0
Depth=0.5D,16.33,40.0,27.060000000000002,40.0,8.28,40.0,2.6599999999999997,40.0,0.4,40.0,2.36,40.0
Depth=0.8D,2.67,40.0,2.92,40.0,1.8399999999999999,40.0,0.13,40.0,0.59,40.0,0.79,40.0
