,5.5 MAPE,5.5 index,6.0 MAPE,6.0 index,6.5 MAPE,6.5 index,7.5 MAPE,7.5 index,8.0 MAPE,8.0 index,8.5 MAPE,8.5 index,Average
Depth=0.2D,34.36,40,50.47,40,16.42,40,15.18,40,17.47,40,14.82,40,24.7866666666667
Depth=0.5D,16.33,40,27.06,40,8.28,40,2.66,40,0.4,40,2.36,40,9.515
Depth=0.8D,2.67,40,2.92,40,1.84,40,0.13,40,0.59,40,0.79,40,1.49
,,,,,,,,,,,,,11.9305555555556
