,5.5 MAPE,5.5 index,6.0 MAPE,6.0 index,6.5 MAPE,6.5 index,7.5 MAPE,7.5 index,8.0 MAPE,8.0 index,8.5 MAPE,8.5 index
Results,6.575317849682271,146.0,7.126823822131592,40.0,7.23710129620536,156.0,3.9199947938084527,47.0,2.8669691578555345,42.0,3.230361558379406,47.0
