,6.0 MAPE,6.0 index,6.5 MAPE,6.0 index,7.5 MAPE,6.5 index,8.0 MAPE,7.5 index,8.5 MAPE,8.0 index,10.0 MAPE,8.5 index,5.0 MAPE,10.0 index,4.0 MAPE,5.0 index,4.5 MAPE,4.0 index,3.0 MAPE,4.5 index,9.0 MAPE,3.0 index
RMSprop,11.051506941434232,70.0,12.777279574572617,65.0,8.228303995193926,81.0,5.844866794304586,87.0,3.083156867979508,142.0,17.152449454303653,111.0,7.781976319219296,141.0,204.0460845322929,40.0,43.681004011257215,40.0,882.4950667932537,68.0,4.64919482497435,106.0
Adadelta,37.234227930301216,69.0,46.03855594768022,40.0,54.10787472118771,48.0,56.699638110524006,73.0,59.057623472905696,142.0,63.614446192695596,104.0,6.5353008445018315,100.0,398.7993906658002,40.0,78.13175481088541,40.0,3658.7222523845667,68.0,61.939905501792424,139.0
Adagrad,12.330556618328634,40.0,13.65916975411807,65.0,10.929263276487793,48.0,7.787461525581805,42.0,4.5421654787902375,157.0,13.301442537623439,90.0,3.4431551779935794,100.0,170.9091651060605,40.0,31.857580277708614,40.0,789.8864593822398,68.0,4.208737441003524,40.0
SGD_NM,7.341407711650692,40.0,6.522069283694227,40.0,4.083404845328448,48.0,3.19458698811209,42.0,3.2803252600496537,159.0,14.961511948529418,159.0,2.2825442205389486,54.0,174.2233085553022,40.0,31.811430570329826,40.0,1063.6027074969693,68.0,2.7231174084130054,159.0
SGD,10.820713261130056,40.0,11.316191261565079,40.0,7.9201307774220036,48.0,5.590602984290889,73.0,2.483841158622213,100.0,18.776639302571624,159.0,5.769913892677777,159.0,180.61798321355948,40.0,37.34201288467617,40.0,776.8601168939176,68.0,2.3523638012964927,159.0
Adam,5.714218830101763,40.0,5.081816903332196,40.0,3.4969692320805414,148.0,3.6380938641970317,46.0,4.659715882967267,40.0,12.5937107403761,123.0,2.757051927791539,54.0,136.23472985247037,40.0,27.002543530195982,40.0,141.40057946466965,68.0,2.6228723265542673,96.0
Nadam,6.035596465605682,40.0,5.37361832534512,65.0,3.4121153345334583,48.0,2.4528726209270704,146.0,3.3342423967211174,40.0,10.24540909970392,137.0,3.5475516658591686,149.0,168.1701494295124,40.0,32.588961577353,40.0,610.58481405457,68.0,1.6835648028398043,88.0
